<?xml version="1.0" encoding="UTF-8" standalone="yes"?>
<addon id="plugin.program.whitewolf" name="[COLOR white]WHITEWOLF[/COLOR] [COLOR yellow]Wizard[/COLOR]" version="V1" provider-name=" WHITEWOLF">
  <requires>
    <import addon="xbmc.python" version="2.1.0"/>
  </requires>
  <extension point="xbmc.python.pluginsource" library="default.py">
        <provides>video executable</provides>
  </extension>
  <extension point="xbmc.addon.metadata">
    <summary lang="en">[COLOR white]WHITEWOLF[/COLOR] [COLOR yellow]WIZARD[/COLOR]</summary>
    <description lang="en">[COLOR white]WHITEWOLF[/COLOR] [COLOR yellow]BUILDS[/COLOR]</description>
    <platform>all</platform>
  </extension>
</addon>
